Date,Close,Open,High,Low,Volume,RSI,MACD,MACD Signal,Upper Bollinger Band,Middle Bollinger Band,Lower Bollinger Band,ADX
1996-01-31,57.737979888916016,77.51436614990234,77.88035583496094,77.02920532226562,12336,,,,,,,
1996-02-29,71.9207763671875,97.9632797241211,101.96369171142578,94.90338897705078,65205,,,,,,,
1996-03-31,71.8538589477539,95.7545394897461,96.6056900024414,94.47781372070312,34658,,,,,,,
1996-04-30,83.36320495605469,107.67066192626953,111.50083923339844,106.39392852783203,137460,,,,,,,
1996-05-31,85.03288269042969,112.7775650024414,113.62872314453125,111.50083923339844,83416,,,,,,,
1996-06-30,79.46620178222656,106.3088150024414,106.39392852783203,105.54277801513672,41708,,,,,,,
1996-07-31,64.82777404785156,83.412841796875,86.60466003417969,81.88076782226562,383598,,,,,,,
1996-08-31,64.49321746826172,85.2853775024414,86.13652801513672,85.2853775024414,11748,,,,,,,
1996-09-30,43.61894226074219,57.75062561035156,58.282596588134766,57.71232223510742,118662,,,,,,,
1996-10-31,37.42772674560547,48.690120697021484,51.069087982177734,48.690120697021484,100452,,,,,,,
1996-11-30,37.28751754760742,50.13282012939453,50.38816452026367,49.366783142089844,44057,,,,,,,
1996-12-31,41.952430725097656,55.754676818847656,57.02714920043945,55.75041961669922,78129,,,,,,,
1997-01-31,47.13038635253906,62.81923294067383,63.83635711669922,62.729862213134766,25847,,,,,,,
1997-02-28,51.82398223876953,66.56004333496094,70.2199935913086,66.56004333496094,75779,,,,,,,
1997-03-31,57.750728607177734,80.4338150024414,80.4338150024414,75.326904296875,64030,50.00666513819213,,,,,,
1997-04-30,59.76455307006836,79.63372802734375,80.0550537109375,78.98685455322266,207366,51.11520851854853,,,,,,
1997-05-31,59.23560333251953,78.9911117553711,79.15708923339844,78.73150634765625,16448,50.796603409428286,,,,,,
1997-06-30,62.39384078979492,80.582763671875,84.17887878417969,80.582763671875,747223,52.692638551763096,,,,,,
1997-07-31,73.80188751220703,96.0098876953125,98.69100952148438,95.15872955322266,983961,58.859597155548556,,,,,,
1997-08-31,61.60297393798828,81.71054077148438,82.47657775878906,80.77427673339844,224401,51.17694437437146,,,88.66442855231261,60.62432346343994,32.584218374567264,
1997-09-30,68.06743621826172,86.39187622070312,91.498779296875,84.18313598632812,392409,54.561588377345096,,,89.32934548635953,61.14079627990723,32.95224707345493,
1997-10-31,60.16855239868164,79.97418975830078,79.97418975830078,79.97418975830078,0,50.00038543659676,,,88.3049528842546,60.553185081481935,32.801417278709266,
1997-11-30,53.40632247924805,70.81580352783203,70.98603057861328,70.30510711669922,125712,46.422474181033515,,,87.04306798260535,59.63080825805664,32.21854853350793,
1997-12-31,48.00803756713867,63.41078186035156,64.26193237304688,62.985206604003906,143335,43.732132617297346,,,83.42287253462376,57.86304988861084,32.30322724259792,
1998-01-31,38.30333709716797,50.64351272583008,51.75000762939453,50.64351272583008,215590,39.320410058297064,,,79.19817034511874,55.52657260894775,31.85497487277677,
1998-02-28,40.999263763427734,53.03099060058594,56.167484283447266,53.026737213134766,370086,41.09806601892155,,,75.3548890385552,53.60322570800781,31.851562377460418,
1998-03-31,42.74106216430664,58.38898849487305,58.38898849487305,56.36750411987305,399458,42.274711641802185,,,74.10110878484988,52.49889011383057,30.89667144281126,
1998-04-30,48.465911865234375,62.64474868774414,65.02796936035156,62.389400482177734,410032,46.08679316101807,,,72.63952357389711,51.697524833679196,30.75552609346128,8.046931016670609
1998-05-31,39.27669143676758,54.048118591308594,54.048118591308594,51.069087982177734,2975968,41.364791151356414,,,72.83881768685204,51.480412292480466,30.122006898108893,8.372604769887232
1998-06-30,43.229942321777344,57.11226272583008,57.69955825805664,56.68668746948242,89878,44.02201025920498,,,72.5060790239521,51.77052307128906,31.03496711862603,8.404712096115778
1998-07-31,39.58683395385742,52.26070022583008,52.51604461669922,52.00535583496094,39945,42.12733295828685,,,72.32191172948845,51.88548889160156,31.44906605371467,8.723309164767775
1998-08-31,27.695947647094727,36.599510192871094,37.025089263916016,35.407901763916016,342477,36.591616943988306,,,73.82014931165529,51.17266473770142,28.52518016374755,9.920313394973173
1998-09-30,33.0815315246582,44.08964538574219,44.23859786987305,43.3236083984375,628560,40.410884033650845,,,74.41024437694682,50.47022199630737,26.530199615667925,10.462959931790142
1998-10-31,33.2073860168457,44.60033416748047,44.60033416748047,43.58320999145508,692003,40.50107500866653,-6.941399795508978,-4.3837040633292945,74.6171405468277,49.539392185211184,24.461643823594667,10.938173181831035
1998-11-30,32.21028518676758,41.71493148803711,42.5490608215332,41.49363327026367,190330,39.984723704443795,-7.202775180276419,-4.9475182867187195,74.12633531522692,48.26237001419067,22.39840471315442,11.502627801160859
1998-12-31,33.042808532714844,43.67258071899414,45.08549118041992,43.25977325439453,938728,40.66491694032004,-7.25906143783601,-5.409826916942178,73.03511562430583,46.926282787323,20.817449950340162,11.801990033272478
1999-01-31,32.01022720336914,41.791534423828125,42.21711349487305,41.791534423828125,296069,40.05849121380399,-7.302807170882225,-5.788422967730187,71.8033982572575,45.56501398086548,19.32662970447347,12.177758237857827
1999-02-28,28.66399383544922,38.21670150756836,38.4720458984375,37.6634521484375,291369,38.07680508556975,-7.5207940147737915,-6.1348971771389085,69.90855808564177,43.878521633148196,17.848485180654627,12.80431836412563
1999-03-31,29.880508422851562,37.87623977661133,40.44671630859375,37.70600891113281,1151757,39.25334968709999,-7.50883047506958,-6.409683836725042,64.45039575590545,41.68245267868042,18.9145096014554,13.18246889231311
1999-04-30,36.46326446533203,48.51563262939453,49.19655227661133,47.32402038574219,846935,45.30881468997514,-6.888766473621175,-6.505500364104269,61.35730261708986,40.42546720504761,19.49363179300536,12.68064659008115
1999-05-31,37.04408645629883,47.32402038574219,49.366783142089844,47.32402038574219,372542,45.82199284818457,-6.278123504846626,-6.46002499225274,55.54728110542342,38.874299716949466,22.201318328475512,12.198638570654177
1999-06-30,40.725914001464844,54.38857650756836,54.38857650756836,53.11185073852539,1848202,49.083472545540026,-5.434446918815176,-6.254909377565228,51.47437477086348,37.90216779708862,24.32996082331377,11.379759704482284
1999-07-31,55.433677673339844,71.92229461669922,73.17774963378906,70.81580352783203,759993,59.55719011750371,-3.538246828654472,-5.7115768677830765,52.05909337833513,38.00353555679321,23.947977735251293,12.053681398526434
1999-08-31,58.67662811279297,77.45478057861328,79.79544830322266,76.60363006591797,889019,61.44062421607621,-1.7536011750547615,-4.9199817292374135,54.7196056752521,38.53696508407593,22.354324492899764,13.082522726507834
1999-09-30,58.334415435791016,77.02920532226562,77.1994400024414,75.8801498413086,484120,61.11717000573432,-0.3626894813679087,-4.008523279663512,57.87543006005884,39.53851900100708,21.201607941955324,13.962723146186223
1999-10-31,47.940608978271484,65.19820404052734,65.53866577148438,62.134056091308594,663559,52.1390832894053,-0.09794619681289163,-3.226407863093388,58.57924167203967,39.88558626174927,21.191930851458867,13.476958303302114
1999-11-30,55.309818267822266,74.47575378417969,75.326904296875,71.49671936035156,760405,56.965934230052525,0.6984471027520698,-2.4414368699242965,60.35901472875706,40.514024066925046,20.669033405093035,13.691414607453373
1999-12-31,53.02507019042969,69.2369155883789,69.2369155883789,69.2369155883789,0,55.11019505477315,1.1321833500522516,-1.726712825928987,61.04652694807801,40.741981983184814,20.437437018291618,13.688001886894792
2000-01-31,50.37202072143555,70.64556884765625,70.64556884765625,65.7727279663086,908475,52.95302588575645,1.2474635479881613,-1.1318775511455574,62.01296424217609,41.29674844741821,20.58053265266033,13.371192335231884
2000-02-29,49.34861373901367,67.32608032226562,67.32608032226562,63.92147445678711,1043586,52.10574851639951,1.2419273791351984,-0.6571165650894062,62.60283141487916,41.60268201828003,20.602532621680897,12.907259202575947
2000-03-31,48.05794143676758,61.87871170043945,63.742733001708984,60.4317512512207,174023,50.99750287075159,1.1204772924856385,-0.3015977935743972,63.187759648819096,42.026237392425536,20.86471513603198,12.153608286166858
2000-04-30,46.568546295166016,59.58060073852539,60.857330322265625,58.899681091308594,328625,49.684251767327666,0.8937429706525464,-0.06252964072900846,63.15162511762516,42.9698673248291,22.78810953203305,11.31046651875472
2000-05-31,47.494590759277344,62.134056091308594,64.68750762939453,61.28290557861328,342066,50.537125627856526,0.77978950799843,0.10593418901647925,63.432981437448476,43.69052028656006,23.94805913567164,10.884385511426123
2000-06-30,51.99348831176758,67.77293395996094,67.77293395996094,67.240966796875,163449,54.566315841806244,1.0405096538897425,0.2928492819911319,64.07318495366073,44.62982540130615,25.186465848951578,10.770528140131287
2000-07-31,52.67913818359375,67.24522399902344,68.09211730957031,67.24522399902344,27433,55.16573341192333,1.287615630857509,0.49180255176440735,64.52027053371984,45.653268051147464,26.786265568575082,10.694749080661529
2000-08-31,52.81757736206055,67.98997497558594,69.61567687988281,67.76441955566406,791903,55.29398382799341,1.4775870785491847,0.6889594571213629,64.82205312572692,46.64200649261475,28.46195985950257,10.774050586921662
2000-09-30,53.59221649169922,70.20722961425781,70.20722961425781,68.34746551513672,191916,56.05154451745451,1.671381082625814,0.8854437822222531,64.82957063794734,47.72110595703125,30.61264127611516,10.908229557191847
2000-10-31,47.11817169189453,60.52112579345703,61.34674072265625,59.58060073852539,180837,48.63411497403486,1.2877188957199337,0.9658988049217891,63.36563533501385,48.64381484985351,33.92199436469318,10.29539304463369
2000-11-30,45.89850997924805,58.81456756591797,59.57634735107422,58.31238555908203,380496,47.36251937763264,0.875159052597148,0.9477508544568609,61.497152059244605,49.44471492767334,37.39227779610207,9.867932592125802
2000-12-31,48.67735290527344,64.26193237304688,67.240966796875,62.64474868774414,1093130,50.5357986233175,0.7636291633081385,0.9109265162271164,60.55225501189409,50.05541934967041,39.55858368744673,9.724572314542185
2001-01-31,50.5991325378418,64.43216705322266,66.13446807861328,64.11724090576172,1030063,52.66126442256609,0.8208502274226817,0.8929112584662294,59.36719355844365,50.73317165374756,42.09914974905147,9.591452056785966
2001-02-28,50.342010498046875,60.68709945678711,67.75165557861328,60.68709945678711,1538551,52.337227696404476,0.8358159670453276,0.8814922001820491,58.53676292900453,51.21397647857666,43.89119002814879,9.027877624418688
2001-03-31,50.85623550415039,65.54291534423828,66.38981628417969,65.28331756591797,181072,52.96062237506741,0.8790370915437506,0.8810011784543894,58.04754670381364,50.985104370117185,43.92266203642073,8.504558508649072
2001-04-30,53.391143798828125,68.94326782226562,70.13488006591797,68.17723083496094,546706,56.01473302555391,1.1050971859080434,0.9258203799451202,56.9597904782331,50.72083015441895,44.48186983060479,8.492092680751531
2001-05-31,57.18524932861328,74.73109436035156,74.73109436035156,73.36925506591797,207683,60.18185368567782,1.5722797843141194,1.05511226081892,56.636296340404684,50.663371849060056,44.69044735771543,9.016342441570014
2001-06-30,54.73276138305664,68.51343536376953,73.11390686035156,67.66654205322266,136274,56.458451378592954,1.7247482542538037,1.1890394595058968,57.089340643447144,51.00297946929932,44.916618295151494,8.687647134929644
2001-07-31,49.943153381347656,62.15959167480469,64.1555404663086,62.15959167480469,84932,49.95781848097,1.4424713658451012,1.2397258407737377,56.50271831209339,50.734646224975585,44.966574137857776,8.445184565715518
2001-08-31,44.718711853027344,56.60157012939453,58.2187614440918,56.03129959106445,1261220,44.00583724224457,0.7881112730566642,1.149402927230323,56.54586704155169,50.31932830810547,44.09278957465925,8.898222054626157
2001-09-30,34.082550048828125,43.18742370605469,43.83430099487305,43.02996063232422,873240,34.891793188273965,-0.5820140862784555,0.8031195245285673,58.93047700333995,49.5048547744751,40.079232545610246,10.45320862569898
2001-10-31,37.390464782714844,46.728214263916016,48.511375427246094,45.96217727661133,163578,39.11520779716404,-1.384962248452851,0.3655031699322836,59.71246387418906,48.90694732666016,38.101430779131256,11.268640827106335
2001-11-30,46.655303955078125,59.36355972290039,59.36355972290039,59.36355972290039,0,49.07839573723865,-1.2591941538032145,0.04056370518518393,59.681599051809634,48.836815452575685,37.992031853341736,10.772088981814424
2001-12-31,42.72861862182617,55.15461349487305,55.23973083496094,52.85650634765625,83263,45.6674913289308,-1.4595479620288359,-0.25945862825762006,59.77562701709452,48.64481906890869,37.514011120722856,10.892544308408203
2002-01-31,48.14704895019531,60.516868591308594,61.69997024536133,60.112571716308594,675379,50.75360127197559,-1.1676478372983325,-0.4410964700657626,59.798394210518495,48.67744197845459,37.55648974639068,10.334557046621432
2002-02-28,52.174068450927734,68.00700378417969,68.00700378417969,64.79815673828125,366339,54.18615725583569,-0.6044009094618943,-0.4737573579449889,59.81846537710378,48.6864709854126,37.55447659372142,9.969819404356143
2002-03-31,51.64895248413086,65.7174072265625,65.7174072265625,65.7174072265625,0,53.66091770387229,-0.19811241452583772,-0.41862836926115865,59.70192457947064,48.634961700439455,37.56799882140827,9.631134450824089
2002-04-30,48.84273910522461,62.55112075805664,62.725608825683594,60.453033447265625,181906,50.82559997410161,-0.101395003824571,-0.3551816961738411,59.337112113898,48.43621978759766,37.535327461297314,9.113794352816871
2002-05-31,46.45127487182617,59.155025482177734,59.83594512939453,58.72945022583008,511530,48.4749452230009,-0.21523583167930127,-0.32719252327493314,58.74644339308228,48.079172706604005,37.41190202012573,8.806918594526433
2002-06-30,47.625267028808594,61.104164123535156,61.104164123535156,60.295570373535156,108782,49.70470333651222,-0.20832273748507646,-0.30341856611696183,58.7649493189774,48.10452747344971,37.44410562792201,8.377176577403215
2002-07-31,42.65304946899414,54.303462982177734,54.303462982177734,52.26070022583008,473781,44.82502306503688,-0.5971765831302349,-0.36217016951961645,58.828469751477385,47.94225444793701,37.056039144396635,8.787497252245723
2002-08-31,40.49823760986328,50.89885711669922,51.13718032836914,50.38816452026367,592655,42.861201004106164,-1.0669225468782741,-0.503120644991348,58.88298183969506,47.53329868316651,36.18361552663795,9.342863889082098
2002-09-30,35.619205474853516,45.96217727661133,45.96217727661133,44.2598762512207,376865,38.724308044980305,-1.8120090130420152,-0.7648983186014815,59.15687609443019,46.78430233001709,34.411728565603994,10.401238258504979
2002-10-31,33.61101150512695,42.9788932800293,47.15378952026367,41.378726959228516,874603,37.135554529443894,-2.5353143500653843,-1.118981524894262,59.45541609518447,45.94775238037109,32.44008866555772,11.622749173788353
2002-11-30,36.82276916503906,45.79620361328125,46.217525482177734,45.63022994995117,1688442,41.284586447095215,-2.816905506201074,-1.4585663211556246,59.11410054011896,45.24607906341553,31.378057586712096,12.75700930940863
2002-12-31,39.96294021606445,47.32402038574219,50.28602981567383,47.23890686035156,219255,45.099734136703255,-2.7549258950438045,-1.7178382359332605,58.096234935255815,44.574668884277344,31.053102833298873,13.197182279462712
2003-01-31,40.9141960144043,51.409549713134766,51.409549713134766,50.70734786987305,857050,46.23933445537041,-2.599087550308937,-1.8940880988083957,56.05175254094807,43.7611162185669,31.47047989618572,13.439202721557733
2003-02-28,40.04477310180664,49.358272552490234,50.21793746948242,48.77097702026367,1036313,45.31351915479937,-2.516728423669079,-2.0186161637805324,54.32225631887637,43.026716804504396,31.731177290132422,13.873351138233904
2003-03-31,36.45454025268555,47.15378952026367,47.15378952026367,45.306793212890625,786276,41.60865197067694,-2.709921717842164,-2.156877274592859,53.525516120677636,42.352286148071286,31.179056175464936,14.641083639356255
2003-04-30,42.02569580078125,53.494869232177734,53.87788772583008,52.179840087890625,1943050,48.62774264359726,-2.3859790217725063,-2.2026976240287883,53.33833149245196,42.21763534545899,31.096939198466014,14.312013857404642
2003-05-31,46.591041564941406,58.346431732177734,58.725196838378906,57.81871795654297,553297,53.55478609986133,-1.7407999935595981,-2.1103180979349503,53.45883464707191,42.84305992126465,32.227285195457384,13.351716979570927
2003-06-30,50.955223083496094,64.17681884765625,64.3427963256836,63.4150390625,469129,57.72846974109177,-0.8673398361455824,-1.8617224455770767,54.387296448334155,43.52129783630371,32.655299224273264,13.01456051266454
2003-07-31,56.773651123046875,70.30936431884766,72.3478775024414,69.04115295410156,3094455,62.55918459940199,0.2910273653953297,-1.4311724833825954,56.28309912852586,44.02721519470215,31.77133126087844,13.525597126833478
2003-08-31,63.30777359008789,77.8207778930664,78.41658020019531,76.17805480957031,1237958,67.1054397328713,1.7165040036839798,-0.8016371859692804,59.88797629277709,45.056172943115236,30.224369593453382,14.533051910630252
2003-09-30,63.85258102416992,78.561279296875,78.73150634765625,77.62501525878906,1099122,67.46022331353913,2.8572295525983336,-0.06986383825575748,62.76084793084216,45.84144954681396,28.92205116278576,15.495404364845658
2003-10-31,76.2337417602539,89.881591796875,94.3927001953125,89.881591796875,3726375,74.25574466888735,4.7060703171322515,0.8853229928218445,68.42655742014172,47.044433212280275,25.66230900441883,17.5084645661199
2003-11-30,85.99849700927734,102.13817596435547,106.39392852783203,102.13817596435547,2486983,78.13419601638942,6.879916687362893,2.0842417317300543,76.04999980486554,48.7619104385376,21.473821072209656,19.990390791684828
2003-12-31,97.71688842773438,117.02906799316406,121.79977416992188,116.18217468261719,2584487,81.69768458986411,9.439469521496143,3.555287289683272,85.8476395528664,51.205617904663086,16.563596256459775,22.888144390435066
2004-01-31,80.59909057617188,105.27892303466797,105.27892303466797,97.03977966308594,3287934,65.02654841607061,9.971722545589905,4.838574340864598,89.74619240109622,52.91300868988037,16.07982497866452,23.413829070232943
2004-02-29,86.47734832763672,110.5645751953125,110.5645751953125,102.2232894897461,2157665,67.48059843736289,10.744012883152415,6.019662049322162,94.36902208356175,54.85561275482178,15.34220342608181,24.16679381222095
2004-03-31,84.69723510742188,103.32978820800781,104.77674865722656,102.1424331665039,1604344,65.970931257651,11.08464143338336,7.0326579261344015,98.09121912595381,56.95782203674317,15.82442494753252,24.85760416982239
2004-04-30,77.34415435791016,97.86539459228516,98.07818603515625,93.72454071044922,926497,59.9997766655061,10.638624409433653,7.7538512227942515,100.11981130826162,58.800117874145506,17.480424440029395,24.645100709694628
2004-05-31,62.84973907470703,77.88035583496094,79.47201538085938,76.26316833496094,2140253,50.32939791980107,9.011693334921986,8.0054196452198,100.10799598113196,60.161644554138185,20.215293127144406,22.99951813958734
2004-06-30,69.18605041503906,85.96629333496094,87.6686019897461,84.4384765625,1249577,53.832484305847295,8.13979561041743,8.032294838259325,100.12882296056922,61.94039649963379,23.75197003869836,22.01665815106818
2004-07-31,77.6337661743164,91.92435455322266,94.28630065917969,90.65614318847656,2043420,58.0775600320756,8.037815509503872,8.033398972508234,100.92384648745416,63.98094635009765,27.03804621274115,21.51362657125666
2004-08-31,83.04188537597656,100.01029968261719,100.43587493896484,98.56759643554688,1656450,60.57671611123331,8.297734449268091,8.086266067860205,102.23906055564314,66.13489360809326,30.0307266605434,21.40771418334373
2004-09-30,95.56336212158203,112.35198974609375,116.60774993896484,111.50509643554688,3133437,65.6783466959087,9.405677809709815,8.350148416230127,105.19414356647135,68.86735191345215,32.54056026043295,22.132754095345508
2004-10-31,83.6549301147461,102.572265625,103.66173553466797,100.18052673339844,2150674,57.99218688752713,9.216577002562317,8.523434133496565,105.37283052586548,71.04785976409912,36.72288900233274,21.88464580424857
2004-11-30,92.20574188232422,110.5645751953125,112.69245147705078,110.4964828491211,4414431,61.47821620925977,9.645504921412396,8.74784829107973,105.41568737368497,73.83541984558106,42.25515231747714,22.105485483936963
2004-12-31,100.24921417236328,124.69368743896484,124.92350006103516,120.43792724609375,2657787,64.46547205820063,10.513283787848906,9.100935390433566,106.75625277015078,76.74659576416016,46.73693875816954,22.855814932632573
2005-01-31,91.67375183105469,114.73521423339844,114.73521423339844,110.24539184570312,3321641,59.19499779473557,10.38927554728481,9.358603421803815,106.25779483545946,79.00073127746582,51.74366771947217,22.759977267815508
2005-02-28,98.16700744628906,121.2635498046875,121.2635498046875,117.0333251953125,1974619,61.745329303912136,10.691702296237224,9.625223196690497,106.59655598968462,81.36132049560547,56.12608500152631,22.976892445287373
2005-03-31,91.28970336914062,110.64968872070312,111.58595275878906,107.84088897705078,1609008,57.63647224931264,10.258186719646943,9.751815901281786,105.97177718169789,83.08712310791016,60.20246903412244,22.49163345216703
2005-04-30,83.58797454833984,105.11720275878906,106.30030822753906,100.35075378417969,1664615,53.354510890116444,9.18725242499356,9.63890320602414,105.11065869856874,84.10113315582275,63.09160761307676,21.51950032149495
2005-05-31,79.5644760131836,96.44822692871094,97.88241577148438,95.7545394897461,1663464,51.21391996882636,7.922540459996327,9.295630656818577,103.88796486527593,84.88672790527343,65.88549094527093,20.306693034850866
2005-06-30,85.88971710205078,104.26605224609375,105.11720275878906,101.2912826538086,3488991,54.31688020719422,7.345961537700191,8.9056968329949,103.95287919640316,85.36952667236328,66.7861741483234,19.612221444633157
2005-07-31,90.45453643798828,110.73480224609375,111.9264144897461,106.02793884277344,2115075,56.46873408617883,7.174656385631849,8.55948874352229,104.30688907906418,85.59232864379882,66.87776820853347,19.352501970001125
2005-08-31,102.7265396118164,120.5230484008789,122.31046295166016,119.2037582397461,1180028,61.692856439006384,7.9376436976143765,8.435119734340708,105.31841269162963,85.84281120300292,66.36720971437622,19.652158975657635
2005-09-30,105.34219360351562,126.39598846435547,127.07691192626953,123.20417022705078,2401907,62.71978439369054,8.653624460498463,8.478820679572259,108.14469287686289,87.07996635437011,66.01523983187734,20.16329112698051
2005-10-31,82.15975189208984,100.43587493896484,100.43587493896484,95.88220977783203,4469425,49.941199967068364,7.266649657168557,8.236386475091518,108.03730923135407,86.86408653259278,65.69086383383149,18.75036215821089
2005-11-30,95.95354461669922,115.10086822509766,118.54483032226562,113.46952056884766,2518771,55.72185214455965,7.197537197751657,8.028616619623545,108.93557270260328,87.42690200805664,65.91823131351,18.359719767463904
2005-12-31,109.42137908935547,126.70159149169922,130.5987091064453,126.52032470703125,2913298,60.516048045393504,8.13572320944317,8.05003793758747,112.02538165769218,89.0307632446289,66.03614483156562,18.523089994639726
2006-01-31,125.75067138671875,144.73707580566406,149.99365234375,142.51663208007812,6745145,65.4067576440233,10.080676043356462,8.456165558741269,117.11109266553727,92.17580986022949,67.24052705492171,19.40197414556939
2006-02-28,117.01375579833984,141.247802734375,141.247802734375,135.40213012695312,3607137,61.049541276620836,10.792658062382444,8.923464059469504,119.3980698295277,94.56719512939453,69.73632042926137,19.76731757437838
2006-03-31,139.40924072265625,167.89320373535156,169.2979736328125,164.40391540527344,3471352,67.09977777470014,13.014019888204317,9.741575225216467,128.04056780396374,97.65596885681153,67.27136990965933,21.02311631181243
2006-04-30,162.72044372558594,194.04013061523438,194.85580444335938,183.07382202148438,8082036,71.97882494491581,16.465678311652255,11.086395842503624,142.42837575261962,101.639896774292,60.85141779596438,22.828969018098928
2006-05-31,135.51766967773438,164.9477081298828,164.9477081298828,155.2049102783203,7558531,60.67162649683709,16.812304180204194,12.231577510043738,146.87986458123288,103.6376121520996,60.39535972296635,23.003643427078405
2006-06-30,133.915283203125,152.25941467285156,160.41616821289062,150.89996337890625,6805467,60.07298306766662,16.764458242431843,13.138153656521359,150.28811184608242,106.15062980651855,62.013147766954695,22.956864725714674
2006-07-31,124.08264923095703,149.54049682617188,152.66725158691406,144.9183349609375,7233437,56.39578904971422,15.75155449007336,13.660833823231759,152.05446764580367,107.74447517395019,63.434482702096716,22.618338455119897
2006-08-31,132.9650115966797,157.15347290039062,160.37086486816406,155.02365112304688,7827939,58.846475126268714,15.487028553837916,14.02607276935299,154.86269575020074,109.38026504516601,63.89783434013129,22.56532703125843
2006-09-30,132.42431640625,155.11428833007812,157.24411010742188,154.5251922607422,3421530,58.630456485047475,15.060156154942959,14.232889446470983,157.19493774900712,111.41779327392578,65.64064879884444,22.48904867848758
2006-10-31,145.78651428222656,170.3855438232422,174.373291015625,169.11671447753906,3895112,62.31241708350471,15.620016571499832,14.510314871476753,161.48520184068505,113.79876861572265,66.11233539076025,22.996584101377355
2006-11-30,133.73741149902344,160.41616821289062,160.86932373046875,155.15960693359375,10282845,57.35525502750684,14.919465774740416,14.592145052129485,163.1880147897205,115.9211540222168,68.65429325471308,22.699587039239894
2006-12-31,134.54840087890625,160.86932373046875,160.86932373046875,157.5159912109375,1261500,57.59975120032222,14.265273097899737,14.526770661283535,163.9498794055323,118.46917533874512,72.98847127195793,22.423804052969395
2007-01-31,136.05453491210938,163.49761962890625,164.44923400878906,158.15040588378906,5586482,58.080431677886246,13.710309207321089,14.363478370491046,163.66957972789746,121.2936782836914,78.91777683948536,22.30740045568817
2007-02-28,107.47653198242188,124.20924377441406,131.4143829345703,120.53871154785156,3507768,47.156426371375346,10.839538868945993,13.658690470182036,162.10401109126389,122.37301902770996,82.64202696415603,21.077011504635276
2007-03-31,101.96723937988281,116.4603271484375,118.7260971069336,116.4603271484375,3046473,45.38425418788843,8.02734459145303,12.532421294436235,161.11601679661766,122.94865417480469,84.78129155299172,20.099967647270073
2007-04-30,114.2925033569336,133.95204162597656,135.58338928222656,131.64096069335938,2993901,49.9187141821545,6.715790707353449,11.369095177019677,160.7909948192076,123.52695236206054,86.26290990491347,18.88748993412661
2007-05-31,110.02758026123047,127.33600616455078,129.60177612304688,126.42969512939453,3332219,48.42062470805863,5.271464987591386,10.14956913913402,160.6217541242095,123.76122169494629,86.90068926568307,17.54785415766091
2007-06-30,125.32658386230469,154.61581420898438,154.61581420898438,144.14797973632812,3958552,53.77919014860482,5.300230423332536,9.179701395973723,157.45396848741495,125.91956329345703,94.38515809949912,17.288999193826747
2007-07-31,132.99562072753906,152.98446655273438,155.70338439941406,150.6733856201172,2704093,56.233752854776256,5.874140979919559,8.51858931276289,156.2518219371602,127.77166709899902,99.29151226083783,17.08878229291743
2007-08-31,123.5658187866211,144.55581665039062,144.9183349609375,141.88221740722656,3006236,52.53916358621835,5.504609312671846,7.915793312744681,155.77925145984753,128.4788890838623,101.17852670787705,16.46302025389414
2007-09-30,134.75637817382812,150.44680786132812,157.56130981445312,149.177978515625,5207867,56.215563677139,6.045053805828502,7.541645411361445,156.33157391317272,128.92917442321777,101.52677493326284,16.385481696400184
2007-10-31,153.77252197265625,164.58518981933594,185.339599609375,164.58518981933594,5744195,61.65168352874747,7.9165468165463295,7.616625692398422,159.61884356721836,130.7671127319336,101.91538189664882,17.24397486523123
2007-11-30,145.0861358642578,165.85401916503906,170.3855438232422,164.5398712158203,2673066,58.10298531921707,8.599668126079266,7.813234179134591,160.3454912838777,131.05095748901368,101.75642369414967,18.038667129356146
2007-12-31,168.1324920654297,193.58697509765625,200.70147705078125,193.08851623535156,2858682,64.02035643199856,10.875330978643518,8.425653539036377,161.85504279277797,131.32155990600586,100.78807701923377,19.61075506487948
2008-01-31,128.30029296875,159.50987243652344,159.50987243652344,140.47744750976562,6423984,50.69381627613486,9.356824955377334,8.611887822304569,161.45785184445776,130.96069107055663,100.46353029665549,18.734355301176123
2008-02-29,158.54615783691406,183.34571838378906,184.88644409179688,175.82337951660156,7329421,57.86595789274519,10.473257320302906,8.984161721904236,164.97112568992694,132.1922348022461,99.41334391456527,18.63658979483807
2008-03-31,129.20025634765625,158.1957244873047,161.18653869628906,147.90914916992188,3369336,50.23132388767476,8.887618087750496,8.964852995073489,165.0492056335147,132.44811515808107,99.84702468264743,17.59346185367941
2008-04-30,151.69879150390625,181.1705780029297,182.07688903808594,173.42166137695312,3946560,55.12018403558944,9.338779691944495,9.039638334447691,167.05060024769807,133.3848041534424,99.71900805918672,17.19979988807992
2008-05-31,150.48580932617188,174.9170684814453,178.90481567382812,172.24346923828125,3077220,54.80759257331273,9.489066932425999,9.129524054043353,168.761463174088,134.2878787994385,99.81429442478898,16.793678016283163
2008-06-30,111.3579330444336,132.27537536621094,132.27537536621094,125.61402130126953,2288386,45.787171530403526,6.377363762950296,8.579091995824742,167.99648652059352,132.56644973754882,97.13641295450411,16.186752592526716
2008-07-31,110.61450958251953,126.88285064697266,129.60177612304688,126.88285064697266,2821621,45.63349607974933,3.8074387384739055,7.6247613443545745,168.09877865662554,131.41030464172363,94.72183062682173,15.623178984752872
2008-08-31,107.11080169677734,124.69999694824219,124.69999694824219,122.0,5022602,44.86915901562799,1.4710770362354992,6.394024482730759,168.17816178355775,130.03842468261718,91.8986875816766,15.238198672083781
2008-09-30,85.97742462158203,90.0,99.5999984741211,90.0,2862594,40.466431749591436,-2.0620236314738207,4.702814859889843,170.0856914235071,127.53456916809083,84.98344691267457,15.712464898701
2008-10-31,52.942848205566406,55.150001525878906,62.0,52.0,34649169,34.72975819629064,-7.441860465498351,2.273879794812204,177.84729273060339,124.80788497924804,71.76847722789269,16.94683802725372
2008-11-30,46.335933685302734,55.0,55.0,50.0,21721460,33.7007486502971,-12.099072129493038,-0.6007105900488448,184.55200051910822,122.02631969451905,59.50063886992988,18.13133256572293
2008-12-31,44.97953796386719,51.400001525878906,53.400001525878906,50.599998474121094,7229092,33.48142072579181,-15.718206030577832,-3.6242096781546422,189.53036089046813,118.56067142486572,47.5909819592633,19.231220351444335
2009-01-31,42.8355712890625,45.5,50.400001525878906,44.79999923706055,9119013,33.11456964883338,-18.545613624795877,-6.6084904674828895,193.45606820519458,115.20107097625733,36.94607374732007,20.376951273240756
2009-02-28,33.77840805053711,38.650001525878906,39.29999923706055,38.04999923706055,4137020,31.542261738650083,-21.27198172903944,-9.5411887197942,196.32931375951995,110.62366218566895,24.918010611817962,21.58785170363032
2009-03-31,45.548343658447266,50.0,53.099998474121094,49.04999923706055,8294124,35.80773992726273,-22.226697127128716,-12.078290401261103,195.78256080245092,106.25129833221436,16.72003586197779,22.07048621440814
2009-04-30,47.03600311279297,53.75,53.75,53.75,0,36.34759121945767,-22.602724139220896,-14.183177148853062,195.15350076974295,102.42480754852295,9.696114327302936,22.488323522021098
2009-05-31,74.07621765136719,81.5,85.94999694824219,81.5,12974834,45.344914877111776,-20.48269714403112,-15.443081147888673,191.65916975682217,99.3907995223999,7.122429287977624,21.505794268593228
2009-06-30,75.65138244628906,87.5,88.8499984741211,85.0,13588103,45.825306592956665,-18.46263211123589,-16.046991340558115,184.7800988564676,95.48474254608155,6.1893862356955225,20.482077250890733
2009-07-31,87.77137756347656,94.8499984741211,102.69999694824219,94.6500015258789,19802427,49.50312726246261,-15.702722493729112,-15.978137571192315,178.99406121254708,92.61900463104249,6.243948049537877,19.032462651683677
2009-08-31,92.75935363769531,105.0,107.8499984741211,104.5999984741211,7039757,50.97812253131239,-12.963550514049885,-15.37522015976383,167.99190368476735,88.85034770965576,9.708791734544178,17.877235489644722
2009-09-30,114.2129135131836,126.9000015258789,130.10000610351562,126.30000305175781,9166505,56.82018989772119,-8.958347742022383,-14.09184567621554,166.11259756956133,88.14597873687744,10.179359904193532,17.572989714672115
2009-10-31,107.84070587158203,122.30000305175781,127.55000305175781,120.0,9909581,54.733744532044426,-6.226603185581325,-12.518797178088697,157.3004727411712,85.61070613861084,13.920939536050469,17.025357245924788
2009-11-30,122.222412109375,134.9499969482422,139.89999389648438,134.14999389648438,9026334,58.442740916151315,-2.8681304208467964,-10.588663826640317,156.16321982079737,85.26181392669677,14.360408032596183,16.93202078045862
2009-12-31,142.3568115234375,160.4499969482422,162.1999969482422,158.8000030517578,13651988,63.01209227963326,1.401999822968392,-8.190531096718576,154.04303609184228,84.79471492767334,15.546393763504412,17.516419175939983
2010-01-31,130.408935546875,147.0,149.0,139.8000030517578,12497942,58.875177292142425,3.7784593398161235,-5.796733009411636,149.70268067626938,83.79087123870849,17.879061801147586,17.22983446841718
2010-02-28,143.94985961914062,154.0,164.89999389648438,153.35000610351562,22690392,61.926042350387654,6.677486131261418,-3.3018891812770246,155.4602882684286,85.42046756744385,15.380646866459102,17.440502384884436
2010-03-31,160.41140747070312,184.0,185.3000030517578,179.60000610351562,10320209,65.29657365608344,10.18587861834449,-0.6043356213527216,164.58207673225832,87.91031246185302,11.238548191447734,18.185483610106406
2010-04-30,157.9775390625,179.9499969482422,181.25,177.75,5092041,64.38897681669593,12.624386037275485,2.0414087103729197,172.6779564294602,90.45364933013916,8.22934223081812,18.79210457329457
2010-05-31,132.9755096435547,150.89999389648438,150.89999389648438,145.60000610351562,9454632,55.807569052535364,12.39656601541354,4.112440171381044,177.04346621996598,92.8035535812378,8.563640942509622,18.011227289655203
2010-06-30,127.88660430908203,143.0,144.9499969482422,140.75,17415650,54.223520391541555,11.670850575416594,5.624122252188154,180.02879921394577,96.55074138641358,13.072683558881394,17.104575022633135
2010-07-31,141.914306640625,160.5,162.89999389648438,159.5500030517578,7013058,57.78090775156094,12.08828794573678,6.916955390897879,183.69773098956665,101.32966003417968,18.961589078792727,16.843351555606198
2010-08-31,148.4099884033203,165.89999389648438,167.0,162.35000610351562,4613836,59.356007321616666,12.795755793060323,8.092715471330369,187.03542834346922,106.50118255615234,25.966936768835467,16.72865693736041
2010-09-30,175.74635314941406,192.0,198.6999969482422,188.8000030517578,9800700,65.23429535057707,15.384897809391845,9.551151938942663,193.50484945015972,113.14672164916992,32.7885938481801,17.51164941975287
2010-10-31,187.74221801757812,216.75,217.25,203.60000610351562,7736689,67.45846552803796,18.195036497603212,11.279928850674773,198.7770103540774,120.84491214752197,42.91281394096653,18.676386844385746
2010-11-30,184.2192840576172,200.0,208.85000610351562,195.60000610351562,12987805,66.12060326185342,19.90832949586192,13.005608979712203,202.27988996929884,127.77845916748046,53.27702836566209,19.39598972583354
2010-12-31,220.29611206054688,244.75,247.89999389648438,243.3000030517578,5523415,72.20077863209077,23.901701121559142,15.184827408081592,211.66318299069374,136.44146461486815,61.219746239042564,20.909040600451732
2011-01-31,204.82188415527344,220.0,231.39999389648438,217.39999389648438,10647154,66.6736450350484,25.523615683476095,17.252585063160492,218.10966149671592,142.97874794006347,67.84783438341103,21.249586074190226
2011-02-28,179.58148193359375,201.5,209.35000610351562,196.10000610351562,13912499,58.770668739256,24.489999670901256,18.700067984708646,218.16094226844268,148.1752529144287,78.18956356041474,20.795355198219006
2011-03-31,186.53817749023438,206.0,210.0,203.4499969482422,9074245,60.17192388073386,23.956048313192554,19.751264050405428,219.18223200374268,153.1135929107666,87.04495381779053,20.390667997761643
2011-04-30,192.69219970703125,219.89999389648438,219.89999389648438,213.10000610351562,4016688,61.42103826397959,23.755626106490695,20.55213646162248,220.15832719056408,158.1102352142334,96.06214323790272,20.282225029604923
2011-05-31,176.01393127441406,192.8000030517578,198.0,189.5500030517578,8169408,56.27030855520746,21.99742061537316,20.841193292372616,220.2806174821877,161.2002861022949,102.11995472240213,19.319656356387696
2011-06-30,161.0301971435547,183.8000030517578,183.8000030517578,178.85000610351562,6070224,52.047465191994334,19.173942700322243,20.50774317396254,217.64406285260407,163.85976066589356,110.07545847918306,18.064861942562832
2011-07-31,150.23837280273438,167.10000610351562,170.35000610351562,166.1999969482422,7186074,49.18451643648048,15.882423386979639,19.58267921656596,216.0077448656684,165.26055870056152,114.51337253545464,17.062303957369974
2011-08-31,134.3181915283203,147.0,151.64999389648438,142.60000610351562,9797241,45.23179977790078,11.852615465610029,18.036666466374776,216.44545159853533,164.85862770080567,113.27180380307603,16.833737374018288
2011-09-30,118.49066925048828,132.0,135.0,130.25,7273891,41.64824846010114,7.297691636497831,15.888871500399386,217.67077749831245,164.26271438598633,110.85465127366021,16.95737773341847
2011-10-31,122.54701232910156,141.0,141.0,135.10000610351562,13641523,42.89688485651106,3.9694374674076016,13.50498469380103,218.99004447815537,163.19257202148438,107.39509956481339,16.837014479567443
2011-11-30,110.82866668701172,121.0,123.94999694824219,120.3499984741211,6423394,40.219359740909105,0.3817983667011333,10.88034742838105,221.00955585122915,160.71343498229982,100.41731411337048,17.139699364854213
2011-12-31,104.42863464355469,118.5999984741211,119.4000015258789,115.0999984741211,6098382,38.79511264248314,-2.9439248338056245,8.115492975943715,223.14394676150377,158.03598976135254,92.92803276120131,17.564963113079056
2012-01-31,132.14707946777344,139.0,148.9499969482422,136.3000030517578,11435940,47.47111682903072,-3.3048414313156513,5.8314260944918415,223.16726809121414,157.99456825256348,92.82186841391282,16.779625760683153
2012-02-29,134.22032165527344,148.9499969482422,151.5500030517578,145.0,8380425,48.06413348665032,-3.384561993537858,3.9882284768859013,222.95508372637158,158.31125411987304,93.66742451337448,15.954779364352182
2012-03-31,116.64277648925781,126.6500015258789,130.8000030517578,125.69999694824219,12304827,43.572783504849966,-4.810647951615891,2.228453191185543,223.87520661132783,157.04767761230468,90.22014861328152,15.806471669727305
2012-04-30,108.84555053710938,119.5,122.0,119.25,5195430,41.71082030845654,-6.49513049670179,0.48373645360807593,225.06968615160793,155.06945571899413,85.06922528638033,15.864337992897578
2012-05-31,105.14976501464844,117.0,120.1500015258789,115.44999694824219,33911150,40.82042144698179,-8.03568369482349,-1.2201475760782374,224.0867266305334,151.53962631225585,78.99252599397829,16.035839561665696
2012-06-30,108.079345703125,116.9000015258789,120.4000015258789,116.5,7911448,41.87954890902928,-8.917396331367158,-2.7595973271360217,220.46226916938275,147.5564826965332,74.65069622368365,16.18327312529242
2012-07-31,108.25962829589844,119.3499984741211,121.25,115.6500015258789,6091747,41.948402017928586,-9.49219256249647,-4.106116374208112,216.54291692623224,143.75849990844728,70.97408289066233,16.320175720088663
2012-08-31,94.99951934814453,105.0,105.75,102.30000305175781,6878714,38.34978604006237,-10.892144824170785,-5.463322064200646,204.16049426671782,137.49367027282716,70.82684627893649,16.913735012838643
2012-09-30,110.41349792480469,118.0,121.9000015258789,117.6500015258789,10678473,44.328469811046304,-10.635241384049053,-6.497705928170328,192.73478410952833,132.77325096130372,72.81171781307911,16.627202246891734
2012-10-31,106.61717987060547,110.19999694824219,116.9000015258789,110.19999694824219,7009452,43.21684913124233,-10.615604614669863,-7.321285665470235,186.05282764177724,129.1250358581543,72.19724407453134,16.638977371884486
2012-11-30,106.66291046142578,113.6500015258789,116.94999694824219,113.6500015258789,6819426,43.235315479062464,-10.475596105892294,-7.952147753554646,176.3038095122689,125.13127250671387,73.95873550115884,16.647219748622337
2012-12-31,119.37828826904297,130.0,131.89999389648438,128.60000610351562,4011149,48.272524233399324,-9.23219068438037,-8.20815633971979,162.19152488174376,121.46557693481445,80.73962898788514,15.869916844149198
2013-01-31,106.29700469970703,114.05000305175781,116.9000015258789,113.5999984741211,8784944,43.9514592775299,-9.196323693748198,-8.405789810525473,150.55135724897792,117.9797306060791,85.40810396318027,15.769512552519904
2013-02-28,90.47138214111328,103.5,103.9000015258789,98.0,14636637,39.36103884028577,-10.325864190733341,-8.789804686567047,142.59070795267934,114.45178985595703,86.31287175923472,16.248783607263196
2013-03-31,83.79353332519531,88.19999694824219,91.94999694824219,87.6500015258789,13010048,37.57755904537016,-11.62586403903444,-9.357016557060525,137.19675677797017,111.12954788208008,85.06233898618999,17.04128040781524
2013-04-30,88.96199798583984,99.19999694824219,99.5,95.4000015258789,5726841,39.84926558224347,-12.099594784415117,-9.905532202531443,134.3502640851503,108.86173820495605,83.37321232476181,17.34984580331385
2013-05-31,93.67310333251953,106.1500015258789,106.5,101.0,9148981,41.923961318076756,-11.957049559728489,-10.315835673970852,133.5264866917881,107.62085990905761,81.71523312632712,17.247963632025655
2013-06-30,91.294677734375,97.0999984741211,100.6500015258789,96.5999984741211,6716298,41.15224366225546,-11.898838111638199,-10.632436161504321,131.94424817230586,106.0582431793213,80.17223818633673,17.330143632619986
2013-07-31,82.42133331298828,86.5,90.80000305175781,84.5,6882175,38.31833889973437,-12.425476696046871,-10.991044268412832,132.37241818918187,104.63787651062012,76.90333483205836,17.873849102283796
2013-08-31,97.37007904052734,106.4000015258789,109.0,101.80000305175781,12961890,45.16882492858632,-11.503991862876234,-11.093633787305512,132.20021318612706,104.28494873046876,76.36968427481045,17.352763625956115
2013-09-30,103.71928405761719,112.05000305175781,113.8499984741211,110.55000305175781,5614201,47.8195949447905,-10.144441899765283,-10.903795409797466,127.68260252675475,102.86355895996094,78.04451539316713,16.616638062221337
2013-10-31,106.63898468017578,112.55000305175781,116.30000305175781,111.69999694824219,8231615,49.03965308576767,-8.730750660773225,-10.469186459992617,121.84570711927509,101.48449211120605,81.12327710313701,15.80251143786757
2013-11-30,113.72972106933594,121.0,123.4000015258789,121.0,5005082,51.97639346164505,-6.958019286806291,-9.766953025355352,121.30202112759675,101.33883934020996,81.37565755282317,14.681283697871477
2013-12-31,113.63703155517578,122.0,123.1500015258789,121.25,2175457,51.934261557409855,-5.497227552926958,-8.913007930869673,122.00579716694955,101.57841339111329,81.15102961527703,13.64014365358939
2014-01-31,101.54107666015625,109.05000305175781,110.0,107.0,8287236,46.622981233413775,-5.255005615696248,-8.181407467834989,121.75963779410901,101.39797897338867,81.03632015266834,13.411779183902913
2014-02-28,97.64811706542969,99.0,106.4000015258789,99.0,26493472,45.02694706233633,-5.315893973106824,-7.608304768889356,121.06040142013403,100.87641754150391,80.6924336628738,13.582848379917248
2014-03-31,131.38702392578125,132.0,142.9499969482422,131.0500030517578,27873616,58.338131090123824,-2.6115957688493836,-6.608962968881362,126.060302823047,102.03278732299805,78.0052718229491,13.366337701747735
2014-04-30,124.48167419433594,136.64999389648438,138.85000610351562,132.0500030517578,7609347,55.38231575676659,-1.0139359490040079,-5.489957564905891,129.18814618811217,103.50689506530762,77.82564394250306,13.1652920720189
2014-05-31,137.1800994873047,151.5,152.5,147.0,11040937,59.45099846464655,1.2623264511572927,-4.139500761693254,134.33418674328985,104.84522514343261,75.35626354357537,13.551946228158357
2014-06-30,152.1957550048828,160.5,165.3000030517578,160.0,5259988,63.669840055234786,4.229167501675576,-2.465767109019488,143.13264403853097,107.12415390014648,71.115663761762,14.394227253446767
2014-07-31,177.685302734375,193.10000610351562,195.0,188.64999389648438,13370034,69.47564079448473,8.538774211965048,-0.2648588448225806,158.02400270332637,110.67527351379394,63.3265443242615,16.093180128066184
2014-08-31,157.6644287109375,171.85000610351562,173.8000030517578,169.5,6182439,61.20251425813289,10.220831977849642,1.8322793197118639,164.10357395929302,112.58958053588867,61.075587112484335,16.618122327345567
2014-09-30,146.1619873046875,158.5,163.0,155.89999389648438,10734306,57.002752876778494,10.504633112698272,3.5667500783091457,168.01784952357488,114.5828296661377,61.147809808700515,16.440589391871484
2014-10-31,152.6425018310547,160.1999969482422,164.4499969482422,158.8000030517578,7740469,58.72139140665802,11.124237632273378,5.078247589101992,172.37304815864093,117.69138565063477,63.009723142628616,16.32839242767154
2014-11-30,162.29339599609375,173.39999389648438,175.1999969482422,172.10000610351562,8705076,61.20811505217076,12.252782729068713,6.513154617095337,177.26273461420524,121.61637878417969,65.97002295415413,16.6142676845058
2014-12-31,146.907958984375,156.4499969482422,159.6999969482422,156.39999389648438,4327309,55.47097752961936,11.77000932272773,7.564525558221815,179.08116405810608,124.51367683410645,69.94618961010681,16.092035303680024
2015-01-31,130.26365661621094,143.0,143.10000610351562,138.60000610351562,7570814,50.00985076958523,9.929886273316697,8.037597701240792,179.0746584395855,126.34320449829102,73.61175055699653,15.063792335054606
2015-02-28,144.67005920410156,150.5500030517578,155.8000030517578,149.8000030517578,6534491,54.21174542660214,9.524262024825617,8.334930565957757,179.74275117581055,129.01197357177733,78.2811959677441,14.38799066401066
2015-03-31,120.28641510009766,133.0,133.4499969482422,128.39999389648438,8516432,47.00941098606617,7.152792647770184,8.098502982320243,177.1692922718669,130.9052276611328,84.64116305039872,13.829328940982464
2015-04-30,119.91343688964844,130.0,130.89999389648438,127.05000305175781,11618447,46.90675487318238,5.183537265508335,7.515509838957861,176.01562302437196,132.03239555358886,88.04916808280576,13.362413332870236
2015-05-31,120.51951599121094,130.9499969482422,133.1999969482422,128.5500030517578,11477479,47.10887675256388,3.629949902715481,6.738397851709385,175.27387697695417,132.87240715026854,90.47093732358293,12.821156861042367
2015-06-30,104.34147644042969,112.9000015258789,113.5,111.25,7516460,42.46205192551874,1.0808290143942116,5.60688408424635,175.45409095043865,132.75753173828124,90.06097252612383,13.00629417252399
2015-07-31,98.09403991699219,105.5,107.30000305175781,104.5,5201040,40.78882298370663,-1.4270336152416263,4.200100544348755,176.56780348194502,131.97574768066406,87.3836918793831,13.42696972539004
2015-08-31,74.64282989501953,81.05000305175781,82.69999694824219,79.75,7893204,35.184158194938824,-5.2463725591280195,2.3108059236534,180.6560381259029,130.02603759765626,79.3960370694096,14.627734077933697
2015-09-30,66.92325592041016,69.4000015258789,71.5,69.0,7662075,33.54992946382143,-8.794750879986452,0.08969456292542954,184.73561634540445,128.29514656066894,71.85467677593343,16.048669374326412
2015-10-31,79.4477310180664,83.5,86.9000015258789,83.05000305175781,10426450,38.53790080629623,-10.475490857142432,-2.0233425210881433,186.30524272543832,127.38512725830078,68.46501179116325,16.536731065709166
2015-11-30,72.83102416992188,77.4000015258789,77.9000015258789,76.5999984741211,10087833,36.95948487224723,-12.200759580895621,-4.058825933049639,187.93424396433272,124.45732727050782,60.9804105766829,17.196833243399666
2015-12-31,80.10940551757812,85.0,85.5,83.19999694824219,8803069,39.87660615437319,-12.832814233243681,-5.8136235930884474,188.59364948493823,122.23871383666992,55.88377818840161,17.401062735394735
2016-01-31,66.6396713256836,70.0,71.1500015258789,68.75,9203028,36.509551735719434,-14.256279560411173,-7.5021547865529925,188.90300007725057,118.71169242858886,48.520384779927156,18.077299246788062
2016-02-29,64.98548889160156,70.1500015258789,70.80000305175781,66.69999694824219,15550728,36.106347976581674,-15.341023021618327,-9.069928433566059,186.48874121266073,114.3511791229248,42.213617033188896,18.7723668995581
2016-03-31,83.13418579101562,87.8499984741211,89.0,86.5,16963906,43.48126639037282,-14.56830748475764,-10.169604243804375,176.7584623603106,109.62362327575684,42.48878419120307,18.418789264311993
2016-04-30,91.07422637939453,97.4000015258789,99.0,93.4000015258789,23929755,46.39638064360157,-13.163489424785197,-10.76838128000054,170.09047901269014,106.29411315917969,42.49774730566924,17.59604478327629
2016-05-31,99.48689270019531,103.0999984741211,107.6500015258789,102.5,36580800,49.375704897479224,-11.241741330272433,-10.863053290054918,165.1123724910496,103.96035842895508,42.80834436686057,16.42269423049732
2016-06-30,116.12317657470703,122.4000015258789,123.44999694824219,121.25,15709303,54.733740649923604,-8.280876259621635,-10.34661788396826,159.4216405245954,102.1343921661377,44.84714380768,15.85553352342903
2016-07-31,126.2372817993164,134.9499969482422,135.64999389648438,132.14999389648438,7051660,57.667196001678015,-5.0599180096030665,-9.289277909095222,151.9183783719164,100.33158645629882,48.744794540681255,15.809347321723086
2016-08-31,150.530029296875,163.0,164.6999969482422,158.25,15209502,63.74451995073886,-0.5408293465684153,-7.539588196589861,152.77329600898221,100.51268997192383,48.25208393486545,16.726936382361462
2016-09-30,145.26246643066406,147.0,154.35000610351562,146.8000030517578,9167292,61.6768772034215,2.5857260365281434,-5.514525349966259,155.59867555031985,101.26263046264648,46.92658537497313,16.99939902020969
2016-10-31,142.36102294921875,148.5,150.39999389648438,148.0,4501956,60.51257070429319,4.774385320644882,-3.456743215844031,155.12242370068998,101.14717864990234,47.1719335991147,17.25240004106876
2016-11-30,167.18975830078125,175.0,178.6999969482422,172.8000030517578,15095725,66.36414340240482,8.415377775611475,-1.0823190175529294,164.24092796020406,103.49234580993652,42.74376365966898,18.356305662735995
2016-12-31,147.4980010986328,155.0,156.1999969482422,153.25,8199773,58.908177904303386,9.60125302448104,1.0543953908538644,168.24467749867287,104.87157402038574,41.4984705420986,18.41206081739178
2017-01-31,180.6981201171875,191.9499969482422,193.1999969482422,189.1999969482422,9510113,65.8703144305853,13.069384118101354,3.4573931363033625,179.16091529125265,107.88050422668456,36.600093162116494,19.460013068293158
2017-02-28,175.3708953857422,181.0,185.5,180.3000030517578,10009502,63.996655760691986,15.21267819728287,5.808450148499264,188.4964342598534,111.43197517395019,34.36751608804697,20.026573279658912
2017-03-31,185.5497283935547,190.8000030517578,195.9499969482422,190.5,13264696,65.98742927026247,17.530520029774436,8.152864124754299,199.02467334932237,115.80475959777831,32.58484584623426,20.818738349782986
2017-04-30,189.64028930664062,193.85000610351562,203.6999969482422,192.25,17428449,66.7823386498692,19.47302752089263,10.416896803981965,208.41536066920963,121.55463256835938,34.693904467509114,21.74798874161647
2017-05-31,190.92453002929688,203.9499969482422,208.25,200.0,26247788,67.0427603976204,20.875466809235405,12.508610805032653,215.82592879760654,127.75469627380372,39.68346375000088,22.725636575702463
2017-06-30,181.64942932128906,191.9499969482422,192.64999389648438,189.39999389648438,7522346,63.18965356549398,20.996452898218593,14.20617922366984,220.99142868283724,132.86478118896486,44.738133695092486,23.0779423537245
2017-07-31,208.95155334472656,216.0,220.85000610351562,215.5,5389040,68.8625481859819,23.029913968115324,15.970926172558936,229.21435569519548,139.6708076477051,50.1272596002147,24.135100531484856
2017-08-31,226.40777587890625,237.8000030517578,239.4499969482422,235.10000610351562,23200769,71.84969416642085,25.75315148750613,17.927371235548375,239.7173985979893,146.9857261657715,54.254053733553675,25.521419782562155
2017-09-30,229.92431640625,241.3000030517578,242.64999389648438,238.60000610351562,9189997,72.42362634383072,27.873780680235683,19.916653124485837,246.8953046964781,155.14995841979982,63.404612143121554,26.875722770858335
2017-10-31,255.53517150878906,272.20001220703125,273.79998779296875,264.75,4764121,76.22538153905825,31.260623552460117,22.185447210080692,256.56666191994424,164.67744255065918,72.78822318137412,28.721584216786823
2017-11-30,229.7809600830078,245.10000610351562,247.4499969482422,239.5,14998374,66.32338961569809,31.50341949471084,24.049041667006723,260.02346728406644,172.0097812652588,83.99609524645118,29.184909817980817
2017-12-31,261.4122619628906,276.75,276.75,270.70001220703125,5007765,71.26130358574191,33.85792564507216,26.01081846261981,268.5306963903849,180.52668304443358,92.52266969848229,30.195129051452916
2018-01-31,244.78433227539062,253.39999389648438,263.20001220703125,252.0,17514495,65.79941339612292,33.99033435595271,27.60672164128639,271.73148877735724,187.79155502319335,103.85162126902947,30.321286277058167
2018-02-28,234.51132202148438,240.75,246.64999389648438,238.64999389648438,8747792,62.60673983063537,32.88721974330019,28.662821261689153,273.178131495259,193.71096229553223,114.24379309580547,29.896754864824196
2018-03-31,205.03016662597656,216.5,216.5,212.3000030517578,13861721,54.44272457617424,29.29639994692735,28.789536998736793,270.9174691626028,197.65060653686524,124.3837439111277,28.535453530395575
2018-04-30,225.1939239501953,236.1999969482422,238.35000610351562,232.35000610351562,5872046,58.435013867491136,27.757722343758928,28.58317406774122,272.2353594338439,201.38380126953126,130.53224310521867,27.835634449345665
2018-05-31,223.8082733154297,239.3000030517578,239.89999389648438,233.0,8948198,58.05848616438433,26.12534214997035,28.091607684187046,271.86106833057556,205.31109161376952,138.76111489696348,27.224824584946976
2018-06-30,220.2724609375,222.8000030517578,232.0,221.5500030517578,10441528,57.048333768876205,24.26662799477444,27.326611746304525,269.3766208403022,209.2066635131836,149.03670618606498,26.225089193379876
2018-07-31,203.9311981201172,211.0,214.9499969482422,207.6999969482422,11169360,52.50183806680735,21.230251175558806,26.10733963215538,268.13494737642014,211.0437355041504,153.95252363188064,24.795077669519042
2018-08-31,227.3918914794922,240.0,240.6999969482422,236.35000610351562,7187784,57.71242358170969,20.480891586031618,24.98205002293063,264.4491222301841,215.03843002319337,165.62773781620263,24.207368723261546
2018-09-30,220.6031951904297,244.8000030517578,246.5,227.0,11588117,55.80472007498667,19.11883759868732,23.809407538081967,263.89341381868536,217.03368377685547,170.17395373502558,23.316834792772166
2018-10-31,211.71759033203125,224.0,224.35000610351562,216.1999969482422,9699183,53.32033050031208,17.124999613075943,22.472525953080762,261.75927017646046,218.85101852416992,175.94276687187937,22.098901727914544
2018-11-30,217.2891082763672,224.4499969482422,227.39999389648438,220.6999969482422,9378800,54.682666803294985,15.812170718335125,21.140454906131634,260.55951422598457,220.43798751831054,180.31646081063653,21.066254561951798
2018-12-31,217.2891082763672,226.6999969482422,228.5,225.25,6944360,54.682666803295,14.603405393756589,19.833045003656625,259.428616119475,221.82042846679687,184.21224081411873,20.14477050675139
2019-01-31,200.286376953125,206.10000610351562,210.0,204.35000610351562,6553608,49.563139208762664,12.133603220295328,18.293156646984364,258.55601457265414,222.28852081298828,186.02102705332243,18.925735353025797
2019-02-28,188.03866577148438,197.6999969482422,198.1999969482422,195.0,9582600,46.207223795784586,9.083272953432186,16.45117990827393,257.52540296979396,222.60798263549805,187.69056230120214,18.123948570658037
2019-03-31,194.378662109375,206.9499969482422,208.3000030517578,201.5500030517578,8924025,48.163831880141636,7.095654669272193,14.580074860473582,258.4741716775452,221.87933807373048,185.28450446991576,16.975056706193076
2019-04-30,197.9329071044922,202.0,206.60000610351562,199.0500030517578,8879385,49.277670100987805,5.741071230645957,12.812274134508057,258.42477458948736,220.45559463500976,182.48641468053214,16.00491763277646
2019-05-31,189.2394256591797,199.0500030517578,199.6999969482422,195.1999969482422,8803541,46.63793933451683,3.9208655012626537,11.033992407858976,258.4471483504554,218.42135009765624,178.39555184485712,15.258670842567309
2019-06-30,198.8935089111328,206.0,207.60000610351562,203.5500030517578,5454954,49.85068582655531,3.220222462713423,9.471238418829866,252.61306896985406,215.58926696777343,178.5654649656928,14.210058244197864
2019-07-31,183.04348754882812,188.0,191.25,184.8000030517578,9273653,45.05460445633345,1.3701987487635279,7.851030484816599,252.24576101048157,213.25239334106445,174.25902567164732,14.000460683507184
2019-08-31,178.39845275878906,182.25,187.0,181.4499969482422,13905732,43.726880761049564,-0.4654089163429376,6.187742604584692,244.18239048393872,209.10170288085936,174.02101527778,13.934377365309214
2019-09-30,185.0720672607422,189.39999389648438,191.89999389648438,184.75,6521755,46.180812567204505,-1.3658911561840341,4.677015852430946,238.60968540342722,206.11608963012696,173.6224938568267,13.622951223095631
2019-10-31,181.7352294921875,188.14999389648438,190.89999389648438,186.60000610351562,6501134,45.121310364692306,-2.322017962027587,3.277209089539239,234.87167989436486,203.4772850036621,172.08289011295935,13.333769805325877
2019-11-30,193.5833282470703,203.0,204.5,196.5500030517578,10212511,49.5474177737684,-2.099510938159085,2.201865083999574,234.58133046172549,202.9049430847168,171.2285557077081,12.406796193742355
2019-12-31,209.0583953857422,217.0,219.39999389648438,215.5,9432449,54.687869213913,-0.6667777324631174,1.6281365207070357,232.2478470176132,202.09816665649413,171.94848629537506,12.233575925274868
2020-01-31,183.13766479492188,194.8000030517578,195.14999389648438,188.25,6008376,46.19734906511967,-1.604417943422419,0.9816256278811447,229.5620364861427,200.06463623046875,170.5672359747948,11.902489494312508
2020-02-29,150.7851104736328,162.0,162.1999969482422,154.10000610351562,14033411,38.2211943623407,-4.901582921303401,-0.19501608195576436,231.60219237599557,196.59026870727538,161.5783450385552,12.766232687934744
2020-03-31,92.56019592285156,91.94999694824219,97.25,91.0,15557731,28.638101348798507,-12.07369586903539,-2.5707520393716896,248.0784724260141,191.0217185974121,133.96496476881012,14.984990296329187
2020-04-30,125.92829895019531,120.0,132.1999969482422,119.5,45993216,38.20101306541413,-14.893437727680777,-5.035289177033507,247.06643579787863,185.94853897094725,124.83064214401587,15.661514904585545
2020-05-31,134.2945098876953,135.9499969482422,141.14999389648438,134.60000610351562,19390589,40.359008783759656,-16.265521357215704,-7.281335613069946,244.51668066590614,181.63310470581055,118.74952874571497,15.971333437298544
2020-06-30,141.4033660888672,148.0,151.60000610351562,145.1999969482422,14655358,42.205764074140276,-16.58806534314283,-9.142681559084522,241.7379431846021,178.11739349365234,114.49684380270257,15.889654752504129
2020-07-31,157.7489013671875,161.89999389648438,164.5,159.60000610351562,9872721,46.321512939016515,-15.347815619394737,-10.383708371146565,236.68885532328648,175.14038314819337,113.59191097310024,15.369391848196335
2020-08-31,179.17218017578125,195.0,197.0,184.25,17662183,51.22426200587496,-12.492226607574452,-10.805412018432142,231.72926724496432,173.23453674316406,114.73980624136378,14.651147170771766
2020-09-30,170.36862182617188,177.5,177.6999969482422,172.6999969482422,15625518,49.234214679930666,-10.814858371415426,-10.807301289028798,228.90476707850706,171.7386489868164,114.57253089512574,13.63246102130829
2020-10-31,165.89674377441406,168.1999969482422,171.9499969482422,166.89999389648438,12957793,48.20965304731979,-9.734165741842276,-10.592674179591494,227.34795150713205,170.63155288696288,113.9151542667937,12.807743609323973
2020-11-30,220.04530334472656,230.0,230.60000610351562,220.5500030517578,42583153,59.263960040068916,-4.456995359880068,-9.365538415649208,231.79577351340578,171.91488494873047,112.03399638405517,13.28770776270567
2020-12-31,233.84976196289062,236.39999389648438,241.89999389648438,234.6999969482422,10380624,61.51896057686701,0.8295421836746755,-7.326522295784431,238.5537605744371,173.7107276916504,108.86769480886369,13.975271371489887
2021-01-31,219.99668884277344,230.10000610351562,234.3000030517578,225.0,14992241,58.04636429856473,3.856874401280322,-5.089842956371481,242.89035878216083,175.24859085083008,107.60682291949934,14.284977819693427
2021-02-28,330.7727355957031,343.0,349.6499938964844,334.75,20379210,71.76939236887843,15.02159853609075,-1.0675546578790343,277.3790528236939,181.8425521850586,86.3060515464233,16.46372359259454
2021-03-31,317.7459716796875,323.1000061035156,336.0,320.8999938964844,10387652,68.91464781332168,22.558531166518293,3.657662507000432,301.0029173247779,188.57767639160156,76.15243545842522,18.070853792020735
2021-04-30,354.25006103515625,368.8999938964844,377.0,361.29998779296875,19935239,72.24615532739533,31.11846521396737,9.14982304839382,330.7829301370489,197.37025680541993,63.957583473791004,20.058709986263825
2021-05-31,383.26861572265625,391.54998779296875,395.3999938964844,388.0,13703439,74.57856094575888,39.78521032349053,15.276900503413163,363.1246015003104,207.28008422851562,51.435566956720834,22.105790202126457
2021-06-30,361.68695068359375,376.54998779296875,379.3999938964844,370.95001220703125,10110801,69.87530619709528,44.400388223009486,21.101598047332427,385.3973779069098,216.27767028808594,47.157962669262105,23.481938167715082
2021-07-31,432.41058349609375,458.1000061035156,459.6499938964844,442.1499938964844,12987115,75.35935046402426,53.152052292028515,27.511688896271643,421.2754277356129,228.21903305053712,35.16263836546133,25.598340774851664
2021-08-31,458.405517578125,448.0,471.1499938964844,444.79998779296875,20847646,77.0155806309733,61.476717716840426,34.3046946603854,457.87931993837736,240.68638916015624,23.493458381935113,27.6639660586853
2021-09-30,477.6403503417969,495.25,504.0,485.6000061035156,14333358,78.18407480728726,68.83270472065448,41.21029667243921,493.89111516562014,255.4115234375,16.93193170937988,29.856334418070606
2021-10-31,450.0851135253906,469.45001220703125,474.20001220703125,456.6499938964844,8306338,72.49791637077337,71.6133855648336,47.290914450918095,518.1000283895871,270.3765235900879,22.65301879058876,31.052995684627778
2021-11-30,404.0292053222656,418.95001220703125,430.0,410.0,14850682,64.10593039779113,69.3018991266639,51.69311138606726,526.0451301582464,285.9499740600586,45.85481796187085,30.969811138009785
2021-12-31,465.5023193359375,455.5,477.3500061035156,455.5,18257598,69.2263219903812,71.60497840124935,55.67548478910368,543.384493196571,302.9286750793457,62.472856962120346,31.447698479789977
2022-01-31,478.7171325683594,498.8999938964844,499.75,488.1499938964844,4846015,70.21012830834779,73.6475472257901,59.269897276440965,559.1593270688844,320.1498062133789,81.14028535787341,32.129476824623154
2022-02-28,561.6275024414062,537.0,580.0499877929688,531.7999877929688,35212827,75.50184000546803,81.02249478787235,63.62041677872724,587.3964804103579,341.16101303100584,94.92554565165378,33.483561919227235
2022-03-31,557.4673461914062,600.0,600.2999877929688,568.1500244140625,23497993,74.78400974408554,85.54539001699237,68.00541142638026,609.4689891785591,361.1469352722168,112.82488136587452,34.89603380900482
2022-04-30,472.4523620605469,493.0,497.79998779296875,479.25,12462169,61.84405631967253,81.33227056478717,70.67078325406165,613.8414615557972,375.8109443664551,137.78042717711304,34.30853399111134
2022-05-31,413.6221923828125,414.8999938964844,428.5,412.0,39115757,54.780271624127195,72.41152503033663,71.01893160931664,606.8604261390278,387.97362289428713,169.0868196495464,32.64262599712251
2022-06-30,331.4948425292969,345.0,349.8999938964844,337.04998779296875,21225418,46.75215753956808,58.04566486511243,68.4242782604758,592.2421698753103,396.25352783203124,200.26488578875214,30.55205545702018
2022-07-31,406.2806396484375,396.5,416.79998779296875,395.20001220703125,15509534,53.443128496943935,52.09469083217465,65.15836077481558,584.10087296137,405.5652946472168,227.0297163330636,28.94551683265888
2022-08-31,433.6661071777344,434.0,441.6000061035156,433.3500061035156,8824878,55.64125217112345,49.02317079922233,61.93132277969693,575.9817124391129,415.556111907959,255.13051137680503,27.73147527435399
2022-09-30,385.8047790527344,376.0,395.3500061035156,375.1499938964844,17706821,51.100356402617955,42.240042936661666,57.993066811089875,557.9725051358032,423.84651641845704,289.7205277011109,25.831976672400362
2022-10-31,400.7213134765625,405.0,408.75,403.0,4257977,52.40407038713779,37.63418148343192,53.92128974555828,555.0751555973105,427.3439453125,299.6127350276895,24.233281515914804
2022-11-30,445.2239685058594,438.75,451.95001220703125,438.1499938964844,13921394,56.15946155225961,37.146790358783505,50.56638986820333,551.2523148427881,433.7178451538086,316.1833754648291,23.266624758870144
2022-12-31,464.190673828125,459.29998779296875,472.20001220703125,455.25,8427104,57.691615714784895,37.85461949926781,48.02403579441623,551.5366238950327,439.21487579345705,326.8931276918815,22.601967952627994
